<?xml version = '1.0' encoding = 'UTF-8'?>
<Diagram class="oracle.dbtools.crest.swingui.logical.DPVLogical" name="Logical" id="4B656890-BFC7-C3CE-D9BD-003C234D69D3">
<createdBy>ajuu0001</createdBy>
<modifiedBy>ajuu0001</modifiedBy>
<createdTime>2021-09-16 22:40:07 UTC</createdTime>
<autoRoute>false</autoRoute>
<boxInbox>true</boxInbox>
<showLegend>true</showLegend>
<showLabels>true</showLabels>
<showRelAttributes>false</showRelAttributes>
<gridEnabled>false</gridEnabled>
<showGrid>false</showGrid>
<diagramColor>-1</diagramColor>
<display>false</display>
<notation>2</notation>
<showAllDetails>false</showAllDetails>
<showElements>true</showElements>
<objectViews>
<OView class="oracle.dbtools.crest.swingui.TVLegend" oid="05D5297F-A751-E7A9-43B6-E54C77ECA001" otype="Legend" vid="21812988-1C82-5FAF-1B2B-D4240A1DAE9A">
<hideElementsInCurrentOnly>false</hideElementsInCurrentOnly>
<bounds x="10" y="10" width="232" height="135"/>
</OView>
<OView class="oracle.dbtools.crest.swingui.logical.TVEntity" oid="07B7F76E-452F-DD06-6099-FFE10B1BDCA0" otype="Entity" vid="B6A1B003-E39E-8309-D6A2-6F76FF085048">
<hideElementsInCurrentOnly>false</hideElementsInCurrentOnly>
<bounds x="736" y="92" width="112" height="119"/>
</OView>
<OView class="oracle.dbtools.crest.swingui.logical.TVEntity" oid="183E552D-2AEA-F3F6-C555-D14DA3310851" otype="Entity" vid="B3946778-B2B5-4244-4661-C426EEAA8220">
<hideElementsInCurrentOnly>false</hideElementsInCurrentOnly>
<bounds x="527" y="509" width="139" height="131"/>
</OView>
<OView class="oracle.dbtools.crest.swingui.logical.TVEntity" oid="29B9763E-2290-9DBA-44C0-F01972CF569E" otype="Entity" vid="96A8181C-8EC5-74DD-240E-BFC7D3560AE3">
<hideElementsInCurrentOnly>false</hideElementsInCurrentOnly>
<bounds x="570" y="172" width="99" height="99"/>
</OView>
<OView class="oracle.dbtools.crest.swingui.logical.TVEntity" oid="52BBB3D6-FDC3-E61D-8A90-726EE31EC9BC" otype="Entity" vid="D4B475CA-2393-5435-2461-7FCA93271D46">
<hideElementsInCurrentOnly>false</hideElementsInCurrentOnly>
<bounds x="727" y="593" width="123" height="98"/>
</OView>
<OView class="oracle.dbtools.crest.swingui.logical.TVEntity" oid="541211D0-172A-C06D-8EA0-573B01F2A396" otype="Entity" vid="223DD414-F4B5-BF35-13F0-5C7879675B13">
<hideElementsInCurrentOnly>false</hideElementsInCurrentOnly>
<bounds x="353" y="268" width="122" height="204"/>
</OView>
<OView class="oracle.dbtools.crest.swingui.logical.TVEntity" oid="56BE2643-6DA9-DFF1-3FA7-C6F086BC6FA0" otype="Entity" vid="6F410AE0-EABC-653D-1B57-B3CCD4841F71">
<hideElementsInCurrentOnly>false</hideElementsInCurrentOnly>
<bounds x="337" y="572" width="103" height="132"/>
</OView>
<OView class="oracle.dbtools.crest.swingui.logical.TVEntity" oid="91219CE1-2855-A2C6-140F-D2F978CF9A04" otype="Entity" vid="68B02BB1-EA0D-738B-C0D0-E7A08C803DDB">
<hideElementsInCurrentOnly>false</hideElementsInCurrentOnly>
<bounds x="192" y="401" width="142" height="98"/>
</OView>
<OView class="oracle.dbtools.crest.swingui.logical.TVEntity" oid="B344A7D9-5FB8-CDD1-E4C1-D2ACEFE134D6" otype="Entity" vid="4D560363-D859-601A-58DE-01972F38EABF">
<hideElementsInCurrentOnly>false</hideElementsInCurrentOnly>
<bounds x="263" y="58" width="126" height="142"/>
</OView>
<OView class="oracle.dbtools.crest.swingui.logical.TVEntity" oid="B77C6CB3-56DD-3534-58D6-8F672EA844EE" otype="Entity" vid="A834FBBD-1324-C60B-4BBF-D99C3D2690C1">
<hideElementsInCurrentOnly>false</hideElementsInCurrentOnly>
<bounds x="10" y="303" width="110" height="150"/>
</OView>
<OView class="oracle.dbtools.crest.swingui.logical.TVEntity" oid="F72A8B50-E5ED-015B-C6E8-AB1DEC8F7066" otype="Entity" vid="86648CDF-EC04-6AE2-B6A7-388300A45EFC">
<hideElementsInCurrentOnly>false</hideElementsInCurrentOnly>
<bounds x="697" y="375" width="126" height="126"/>
</OView>
</objectViews>
<connectors>
<Connector class="oracle.dbtools.crest.swingui.logical.TVRelation" oid="0DCD269F-1E16-CED5-D5FF-3FC413159E2A" otype="Relation" vid_source="96A8181C-8EC5-74DD-240E-BFC7D3560AE3" vid_target="223DD414-F4B5-BF35-13F0-5C7879675B13">
<hideElementsInCurrentOnly>false</hideElementsInCurrentOnly>
<backgroundColor>-16777216</backgroundColor>
<lineWidth>1</lineWidth>
<sourceLabel class="oracle.dbtools.crest.model.design.Label">
<site>0</site>
<labelBounds x="509" y="241" width="55" height="28"/>
<noBackgroundColor>true</noBackgroundColor>
<noForegroundColor>true</noForegroundColor>
</sourceLabel>
<targetLabel class="oracle.dbtools.crest.model.design.Label">
<site>2</site>
<labelBounds x="485" y="272" width="49" height="53"/>
<noBackgroundColor>true</noBackgroundColor>
<noForegroundColor>true</noForegroundColor>
</targetLabel>
<points>
<point x="570" y="269"/>
<point x="475" y="269"/>
</points>
</Connector>
<Connector class="oracle.dbtools.crest.swingui.logical.TVRelation" oid="14377B30-11A2-0D71-D9DD-59E50433078B" otype="Relation" vid_source="6F410AE0-EABC-653D-1B57-B3CCD4841F71" vid_target="A834FBBD-1324-C60B-4BBF-D99C3D2690C1">
<hideElementsInCurrentOnly>false</hideElementsInCurrentOnly>
<backgroundColor>-16777216</backgroundColor>
<lineWidth>1</lineWidth>
<sourceLabel class="oracle.dbtools.crest.model.design.Label">
<site>0</site>
<labelBounds x="281" y="596" width="50" height="30"/>
<noBackgroundColor>true</noBackgroundColor>
<noForegroundColor>true</noForegroundColor>
</sourceLabel>
<targetLabel class="oracle.dbtools.crest.model.design.Label">
<site>2</site>
<labelBounds x="130" y="422" width="18" height="34"/>
<noBackgroundColor>true</noBackgroundColor>
<noForegroundColor>true</noForegroundColor>
</targetLabel>
<points>
<point x="337" y="596"/>
<point x="120" y="422"/>
</points>
</Connector>
<Connector class="oracle.dbtools.crest.swingui.logical.TVRelation" oid="2242F128-9AA0-844F-3588-0187E4897841" otype="Relation" vid_source="86648CDF-EC04-6AE2-B6A7-388300A45EFC" vid_target="223DD414-F4B5-BF35-13F0-5C7879675B13">
<hideElementsInCurrentOnly>false</hideElementsInCurrentOnly>
<backgroundColor>-16777216</backgroundColor>
<lineWidth>1</lineWidth>
<sourceLabel class="oracle.dbtools.crest.model.design.Label">
<site>0</site>
<labelBounds x="655" y="393" width="36" height="30"/>
<noBackgroundColor>true</noBackgroundColor>
<noForegroundColor>true</noForegroundColor>
</sourceLabel>
<targetLabel class="oracle.dbtools.crest.model.design.Label">
<site>2</site>
<labelBounds x="485" y="426" width="18" height="30"/>
<noBackgroundColor>true</noBackgroundColor>
<noForegroundColor>true</noForegroundColor>
</targetLabel>
<points>
<point x="697" y="423"/>
<point x="475" y="423"/>
</points>
</Connector>
<Connector class="oracle.dbtools.crest.swingui.logical.TVRelation" oid="285F62B3-9605-E10C-0C82-A6E98C0FEECF" otype="Relation" vid_source="4D560363-D859-601A-58DE-01972F38EABF" vid_target="223DD414-F4B5-BF35-13F0-5C7879675B13">
<hideElementsInCurrentOnly>false</hideElementsInCurrentOnly>
<backgroundColor>-16777216</backgroundColor>
<lineWidth>1</lineWidth>
<sourceLabel class="oracle.dbtools.crest.model.design.Label">
<site>0</site>
<labelBounds x="371" y="239" width="37" height="33"/>
<noBackgroundColor>true</noBackgroundColor>
<noForegroundColor>true</noForegroundColor>
</sourceLabel>
<targetLabel class="oracle.dbtools.crest.model.design.Label">
<site>2</site>
<labelBounds x="371" y="232" width="59" height="30"/>
<noBackgroundColor>true</noBackgroundColor>
<noForegroundColor>true</noForegroundColor>
</targetLabel>
<points>
<point x="371" y="200"/>
<point x="476" y="362"/>
</points>
</Connector>
<Connector class="oracle.dbtools.crest.swingui.logical.TVRelation" oid="2F426726-671B-D2D3-46DB-6D3D9F000930" otype="Relation" vid_source="B3946778-B2B5-4244-4661-C426EEAA8220" vid_target="6F410AE0-EABC-653D-1B57-B3CCD4841F71">
<hideElementsInCurrentOnly>false</hideElementsInCurrentOnly>
<backgroundColor>-16777216</backgroundColor>
<lineWidth>1</lineWidth>
<sourceLabel class="oracle.dbtools.crest.model.design.Label">
<site>0</site>
<labelBounds x="476" y="576" width="45" height="30"/>
<noBackgroundColor>true</noBackgroundColor>
<noForegroundColor>true</noForegroundColor>
</sourceLabel>
<targetLabel class="oracle.dbtools.crest.model.design.Label">
<site>2</site>
<labelBounds x="450" y="609" width="18" height="30"/>
<noBackgroundColor>true</noBackgroundColor>
<noForegroundColor>true</noForegroundColor>
</targetLabel>
<points>
<point x="527" y="612"/>
<point x="440" y="606"/>
</points>
</Connector>
<Connector class="oracle.dbtools.crest.swingui.logical.TVRelation" oid="6D2D89FC-BC38-CABC-1FB7-48032F3D8AC4" otype="Relation" vid_source="B6A1B003-E39E-8309-D6A2-6F76FF085048" vid_target="86648CDF-EC04-6AE2-B6A7-388300A45EFC">
<hideElementsInCurrentOnly>false</hideElementsInCurrentOnly>
<backgroundColor>-16777216</backgroundColor>
<lineWidth>1</lineWidth>
<sourceLabel class="oracle.dbtools.crest.model.design.Label">
<site>0</site>
<labelBounds x="779" y="247" width="38" height="30"/>
<noBackgroundColor>true</noBackgroundColor>
<noForegroundColor>true</noForegroundColor>
</sourceLabel>
<targetLabel class="oracle.dbtools.crest.model.design.Label">
<site>2</site>
<labelBounds x="779" y="339" width="18" height="30"/>
<noBackgroundColor>true</noBackgroundColor>
<noForegroundColor>true</noForegroundColor>
</targetLabel>
<points>
<point x="779" y="211"/>
<point x="779" y="375"/>
</points>
</Connector>
<Connector class="oracle.dbtools.crest.swingui.logical.TVRelation" oid="7B2C537B-4A20-EEE6-F140-43A780B8FF88" otype="Relation" vid_source="4D560363-D859-601A-58DE-01972F38EABF" vid_target="96A8181C-8EC5-74DD-240E-BFC7D3560AE3">
<hideElementsInCurrentOnly>false</hideElementsInCurrentOnly>
<backgroundColor>-16777216</backgroundColor>
<lineWidth>1</lineWidth>
<sourceLabel class="oracle.dbtools.crest.model.design.Label">
<site>0</site>
<labelBounds x="399" y="156" width="44" height="30"/>
<noBackgroundColor>true</noBackgroundColor>
<noForegroundColor>true</noForegroundColor>
</sourceLabel>
<targetLabel class="oracle.dbtools.crest.model.design.Label">
<site>2</site>
<labelBounds x="546" y="189" width="18" height="30"/>
<noBackgroundColor>true</noBackgroundColor>
<noForegroundColor>true</noForegroundColor>
</targetLabel>
<points>
<point x="389" y="186"/>
<point x="570" y="186"/>
</points>
</Connector>
<Connector class="oracle.dbtools.crest.swingui.logical.TVRelation" oid="8691B04F-87F1-44F5-CDE7-C6BF07611343" otype="Relation" vid_source="4D560363-D859-601A-58DE-01972F38EABF" vid_target="B6A1B003-E39E-8309-D6A2-6F76FF085048">
<hideElementsInCurrentOnly>false</hideElementsInCurrentOnly>
<backgroundColor>-16777216</backgroundColor>
<lineWidth>1</lineWidth>
<sourceLabel class="oracle.dbtools.crest.model.design.Label">
<site>0</site>
<labelBounds x="399" y="116" width="51" height="30"/>
<noBackgroundColor>true</noBackgroundColor>
<noForegroundColor>true</noForegroundColor>
</sourceLabel>
<targetLabel class="oracle.dbtools.crest.model.design.Label">
<site>2</site>
<labelBounds x="712" y="149" width="18" height="30"/>
<noBackgroundColor>true</noBackgroundColor>
<noForegroundColor>true</noForegroundColor>
</targetLabel>
<points>
<point x="389" y="146"/>
<point x="736" y="146"/>
</points>
</Connector>
<Connector class="oracle.dbtools.crest.swingui.logical.TVRelation" oid="9373BF99-A37F-624D-0628-017E1D8400CA" otype="Relation" vid_source="6F410AE0-EABC-653D-1B57-B3CCD4841F71" vid_target="B6A1B003-E39E-8309-D6A2-6F76FF085048">
<hideElementsInCurrentOnly>false</hideElementsInCurrentOnly>
<backgroundColor>-16777216</backgroundColor>
<lineWidth>1</lineWidth>
<sourceLabel class="oracle.dbtools.crest.model.design.Label">
<site>0</site>
<labelBounds x="450" y="575" width="33" height="30"/>
<noBackgroundColor>true</noBackgroundColor>
<noForegroundColor>true</noForegroundColor>
</sourceLabel>
<targetLabel class="oracle.dbtools.crest.model.design.Label">
<site>2</site>
<labelBounds x="757" y="247" width="18" height="30"/>
<noBackgroundColor>true</noBackgroundColor>
<noForegroundColor>true</noForegroundColor>
</targetLabel>
<points>
<point x="440" y="575"/>
<point x="757" y="211"/>
</points>
</Connector>
<Connector class="oracle.dbtools.crest.swingui.logical.TVRelation" oid="D052F4EE-F71B-BE63-911F-84003314C5D2" otype="Relation" vid_source="B6A1B003-E39E-8309-D6A2-6F76FF085048" vid_target="223DD414-F4B5-BF35-13F0-5C7879675B13">
<hideElementsInCurrentOnly>false</hideElementsInCurrentOnly>
<backgroundColor>-16777216</backgroundColor>
<lineWidth>1</lineWidth>
<sourceLabel class="oracle.dbtools.crest.model.design.Label">
<site>0</site>
<labelBounds x="696" y="183" width="34" height="30"/>
<noBackgroundColor>true</noBackgroundColor>
<noForegroundColor>true</noForegroundColor>
</sourceLabel>
<targetLabel class="oracle.dbtools.crest.model.design.Label">
<site>2</site>
<labelBounds x="485" y="334" width="18" height="30"/>
<noBackgroundColor>true</noBackgroundColor>
<noForegroundColor>true</noForegroundColor>
</targetLabel>
<points>
<point x="736" y="183"/>
<point x="598" y="379"/>
</points>
</Connector>
<Connector class="oracle.dbtools.crest.swingui.logical.TVRelation" oid="D597F320-F699-BE48-B648-2C200520FEE2" otype="Relation" vid_source="6F410AE0-EABC-653D-1B57-B3CCD4841F71" vid_target="68B02BB1-EA0D-738B-C0D0-E7A08C803DDB">
<hideElementsInCurrentOnly>false</hideElementsInCurrentOnly>
<backgroundColor>-16777216</backgroundColor>
<lineWidth>1</lineWidth>
<sourceLabel class="oracle.dbtools.crest.model.design.Label">
<site>0</site>
<labelBounds x="344" y="536" width="40" height="30"/>
<noBackgroundColor>true</noBackgroundColor>
<noForegroundColor>true</noForegroundColor>
</sourceLabel>
<targetLabel class="oracle.dbtools.crest.model.design.Label">
<site>2</site>
<labelBounds x="295" y="535" width="17" height="28"/>
<noBackgroundColor>true</noBackgroundColor>
<noForegroundColor>true</noForegroundColor>
</targetLabel>
<points>
<point x="344" y="572"/>
<point x="295" y="499"/>
</points>
</Connector>
<Connector class="oracle.dbtools.crest.swingui.logical.TVRelation" oid="E13BE940-59EE-1D9E-2A63-8A2D435A166D" otype="Relation" vid_source="6F410AE0-EABC-653D-1B57-B3CCD4841F71" vid_target="6F410AE0-EABC-653D-1B57-B3CCD4841F71">
<hideElementsInCurrentOnly>false</hideElementsInCurrentOnly>
<backgroundColor>-16777216</backgroundColor>
<lineWidth>1</lineWidth>
<sourceLabel class="oracle.dbtools.crest.model.design.Label">
<site>0</site>
<labelBounds x="465" y="634" width="75" height="30"/>
<noBackgroundColor>true</noBackgroundColor>
<noForegroundColor>true</noForegroundColor>
</sourceLabel>
<targetLabel class="oracle.dbtools.crest.model.design.Label">
<site>2</site>
<labelBounds x="397" y="716" width="18" height="30"/>
<noBackgroundColor>true</noBackgroundColor>
<noForegroundColor>true</noForegroundColor>
</targetLabel>
<points>
<point x="440" y="649"/>
<point x="465" y="649"/>
<point x="465" y="729"/>
<point x="397" y="729"/>
<point x="397" y="704"/>
</points>
</Connector>
<Connector class="oracle.dbtools.crest.swingui.logical.TVRelation" oid="EE6A4011-575E-DCC2-5E3E-0744C77C0640" otype="Relation" vid_source="B3946778-B2B5-4244-4661-C426EEAA8220" vid_target="D4B475CA-2393-5435-2461-7FCA93271D46">
<hideElementsInCurrentOnly>false</hideElementsInCurrentOnly>
<backgroundColor>-16777216</backgroundColor>
<lineWidth>1</lineWidth>
<sourceLabel class="oracle.dbtools.crest.model.design.Label">
<site>0</site>
<labelBounds x="676" y="601" width="42" height="30"/>
<noBackgroundColor>true</noBackgroundColor>
<noForegroundColor>true</noForegroundColor>
</sourceLabel>
<targetLabel class="oracle.dbtools.crest.model.design.Label">
<site>2</site>
<labelBounds x="703" y="634" width="18" height="30"/>
<noBackgroundColor>true</noBackgroundColor>
<noForegroundColor>true</noForegroundColor>
</targetLabel>
<points>
<point x="666" y="606"/>
<point x="727" y="631"/>
</points>
</Connector>
<Connector class="oracle.dbtools.crest.swingui.logical.TVRelation" oid="F167F32F-CF7D-CB8C-1952-4518B24F799B" otype="Relation" vid_source="B3946778-B2B5-4244-4661-C426EEAA8220" vid_target="223DD414-F4B5-BF35-13F0-5C7879675B13">
<hideElementsInCurrentOnly>false</hideElementsInCurrentOnly>
<backgroundColor>-16777216</backgroundColor>
<lineWidth>1</lineWidth>
<sourceLabel class="oracle.dbtools.crest.model.design.Label">
<site>0</site>
<labelBounds x="538" y="473" width="45" height="30"/>
<noBackgroundColor>true</noBackgroundColor>
<noForegroundColor>true</noForegroundColor>
</sourceLabel>
<targetLabel class="oracle.dbtools.crest.model.design.Label">
<site>2</site>
<labelBounds x="485" y="438" width="18" height="30"/>
<noBackgroundColor>true</noBackgroundColor>
<noForegroundColor>true</noForegroundColor>
</targetLabel>
<points>
<point x="551" y="509"/>
<point x="475" y="438"/>
</points>
</Connector>
</connectors>
</Diagram>
