<?xml version = '1.0' encoding = 'UTF-8'?>
<Entity class="oracle.dbtools.crest.model.design.logical.Entity" directorySegmentName="seg_0" id="07B7F76E-452F-DD06-6099-FFE10B1BDCA0" name="CENTER">
<createdBy>ajuu0001</createdBy>
<createdTime>2021-09-16 22:42:52 UTC</createdTime>
<ownerDesignName>mm_oraclemodel</ownerDesignName>
<engineerTo>
<item key="EA85346F-F8B4-23EC-7A37-F149F6590BC7" value="true"/>
</engineerTo>
<adequatelyNormalized>NO</adequatelyNormalized>
<expectedVolumes>0</expectedVolumes>
<fwdEngineeringStrategyName>Single Table</fwdEngineeringStrategyName>
<growthPercent>0</growthPercent>
<growthType>Year</growthType>
<maxVolumes>9999999</maxVolumes>
<minVolumes>0</minVolumes>
<normalForm>Third</normalForm>
<attributes itemClass="oracle.dbtools.crest.model.design.logical.Attribute">
<Attribute name="center_id" id="7E5FFEA5-8FD4-9E6C-11FC-B497E45E925D">
<createdBy>ajuu0001</createdBy>
<createdTime>2021-09-16 22:43:23 UTC</createdTime>
<commentInRDBMS><![CDATA[unique center id]]></commentInRDBMS>
<ownerDesignName>mm_oraclemodel</ownerDesignName>
<engineerTo>
<item key="EA85346F-F8B4-23EC-7A37-F149F6590BC7" value="true"/>
</engineerTo>
<useDomainConstraints>false</useDomainConstraints>
<use>1</use>
<logicalDatatype>LOGDT019</logicalDatatype>
<dataTypePrecision>7</dataTypePrecision>
<ownDataTypeParameters>,7,</ownDataTypeParameters>
</Attribute>
<Attribute name="center_name" id="F9701959-CD6A-AD5D-8230-5CF482195795">
<createdBy>ajuu0001</createdBy>
<createdTime>2021-09-16 22:47:54 UTC</createdTime>
<commentInRDBMS><![CDATA[center name]]></commentInRDBMS>
<ownerDesignName>mm_oraclemodel</ownerDesignName>
<engineerTo>
<item key="EA85346F-F8B4-23EC-7A37-F149F6590BC7" value="true"/>
</engineerTo>
<useDomainConstraints>false</useDomainConstraints>
<use>1</use>
<logicalDatatype>LOGDT024</logicalDatatype>
<dataTypeSize>50</dataTypeSize>
<ownDataTypeParameters>50,,</ownDataTypeParameters>
</Attribute>
<Attribute name="center_phone" id="93259D82-AC97-9BBB-C341-613D03ED599D">
<createdBy>ajuu0001</createdBy>
<createdTime>2021-09-16 22:49:22 UTC</createdTime>
<ownerDesignName>mm_oraclemodel</ownerDesignName>
<engineerTo>
<item key="EA85346F-F8B4-23EC-7A37-F149F6590BC7" value="true"/>
</engineerTo>
<useDomainConstraints>false</useDomainConstraints>
<use>1</use>
<logicalDatatype>LOGDT025</logicalDatatype>
<dataTypeSize>10</dataTypeSize>
<ownDataTypeParameters>10,,</ownDataTypeParameters>
</Attribute>
<Attribute name="center_street" id="BE95C1A5-7A8C-2421-FA71-CAF418F64E6B">
<createdBy>ajuu0001</createdBy>
<createdTime>2021-09-16 22:52:06 UTC</createdTime>
<commentInRDBMS><![CDATA[street of the center]]></commentInRDBMS>
<ownerDesignName>mm_oraclemodel</ownerDesignName>
<engineerTo>
<item key="EA85346F-F8B4-23EC-7A37-F149F6590BC7" value="true"/>
</engineerTo>
<useDomainConstraints>false</useDomainConstraints>
<use>1</use>
<logicalDatatype>LOGDT024</logicalDatatype>
<dataTypeSize>50</dataTypeSize>
<ownDataTypeParameters>50,,</ownDataTypeParameters>
</Attribute>
<Attribute name="center_town" id="EDA5B381-C09E-6149-19D0-45714EBD07D5">
<createdBy>ajuu0001</createdBy>
<createdTime>2021-09-16 22:53:19 UTC</createdTime>
<commentInRDBMS><![CDATA[town of the center]]></commentInRDBMS>
<ownerDesignName>mm_oraclemodel</ownerDesignName>
<engineerTo>
<item key="EA85346F-F8B4-23EC-7A37-F149F6590BC7" value="true"/>
</engineerTo>
<useDomainConstraints>false</useDomainConstraints>
<use>1</use>
<logicalDatatype>LOGDT024</logicalDatatype>
<dataTypeSize>50</dataTypeSize>
<ownDataTypeParameters>50,,</ownDataTypeParameters>
</Attribute>
<Attribute name="center_post" id="F3D59FA6-52A6-7E16-0133-30CC9A2C2F6C">
<createdBy>ajuu0001</createdBy>
<createdTime>2021-09-16 22:53:50 UTC</createdTime>
<commentInRDBMS><![CDATA[postcode of the center]]></commentInRDBMS>
<ownerDesignName>mm_oraclemodel</ownerDesignName>
<engineerTo>
<item key="EA85346F-F8B4-23EC-7A37-F149F6590BC7" value="true"/>
</engineerTo>
<nullsAllowed>true</nullsAllowed>
<useDomainConstraints>false</useDomainConstraints>
<use>1</use>
<logicalDatatype>LOGDT025</logicalDatatype>
<dataTypeSize>5</dataTypeSize>
<ownDataTypeParameters>5,,</ownDataTypeParameters>
</Attribute>
</attributes>
<identifiers itemClass="oracle.dbtools.crest.model.design.logical.CandidateKey">
<identifier id="727D73A6-C001-85AA-F7CC-EBE49BBE1792" name="CENTER PK">
<createdBy>ajuu0001</createdBy>
<createdTime>2021-09-16 22:43:50 UTC</createdTime>
<ownerDesignName>mm_oraclemodel</ownerDesignName>
<engineerTo>
<item key="EA85346F-F8B4-23EC-7A37-F149F6590BC7" value="true"/>
</engineerTo>
<pk>true</pk>
<usedAttributes>
<attributeRef>7E5FFEA5-8FD4-9E6C-11FC-B497E45E925D</attributeRef>
</usedAttributes>
</identifier>
</identifiers>
</Entity>
