<?xml version = '1.0' encoding = 'UTF-8'?>
<Entity class="oracle.dbtools.crest.model.design.logical.Entity" directorySegmentName="seg_0" id="541211D0-172A-C06D-8EA0-573B01F2A396" name="CLASS">
<createdBy>ajuu0001</createdBy>
<createdTime>2021-09-16 22:56:27 UTC</createdTime>
<ownerDesignName>mm_oraclemodel</ownerDesignName>
<engineerTo>
<item key="EA85346F-F8B4-23EC-7A37-F149F6590BC7" value="true"/>
</engineerTo>
<adequatelyNormalized>NO</adequatelyNormalized>
<expectedVolumes>0</expectedVolumes>
<fwdEngineeringStrategyName>Single Table</fwdEngineeringStrategyName>
<growthPercent>0</growthPercent>
<growthType>Year</growthType>
<maxVolumes>9999999</maxVolumes>
<minVolumes>0</minVolumes>
<normalForm>Third</normalForm>
<attributes itemClass="oracle.dbtools.crest.model.design.logical.Attribute">
<Attribute name="center_id" id="F1668E97-C226-8F0A-A98E-C9E8EB56605A">
<createdBy>ajuu0001</createdBy>
<createdTime>2021-09-17 00:22:20 UTC</createdTime>
<commentInRDBMS><![CDATA[unique center id]]></commentInRDBMS>
<generatorID>D052F4EE-F71B-BE63-911F-84003314C5D2</generatorID>
<ownerDesignName>mm_oraclemodel</ownerDesignName>
<engineerTo>
<item key="EA85346F-F8B4-23EC-7A37-F149F6590BC7" value="true"/>
</engineerTo>
<referedAttribute>7E5FFEA5-8FD4-9E6C-11FC-B497E45E925D</referedAttribute>
<useDomainConstraints>false</useDomainConstraints>
<use>1</use>
<logicalDatatype>LOGDT019</logicalDatatype>
<dataTypePrecision>7</dataTypePrecision>
<ownDataTypeParameters>,,</ownDataTypeParameters>
</Attribute>
<Attribute name="class_no" id="795E7C9F-5CEA-DCA4-0C80-E570256D9782">
<createdBy>ajuu0001</createdBy>
<createdTime>2021-09-16 22:57:11 UTC</createdTime>
<commentInRDBMS><![CDATA[class number of the class in the center]]></commentInRDBMS>
<ownerDesignName>mm_oraclemodel</ownerDesignName>
<engineerTo>
<item key="EA85346F-F8B4-23EC-7A37-F149F6590BC7" value="true"/>
</engineerTo>
<useDomainConstraints>false</useDomainConstraints>
<use>1</use>
<logicalDatatype>LOGDT019</logicalDatatype>
<dataTypePrecision>7</dataTypePrecision>
<ownDataTypeParameters>,7,</ownDataTypeParameters>
</Attribute>
<Attribute name="class_start" id="647C9D85-2D87-9792-B619-DB99BE1A30B2">
<createdBy>ajuu0001</createdBy>
<createdTime>2021-09-16 22:58:18 UTC</createdTime>
<commentInRDBMS><![CDATA[start date and time of the class]]></commentInRDBMS>
<ownerDesignName>mm_oraclemodel</ownerDesignName>
<engineerTo>
<item key="EA85346F-F8B4-23EC-7A37-F149F6590BC7" value="true"/>
</engineerTo>
<useDomainConstraints>false</useDomainConstraints>
<use>1</use>
<logicalDatatype>LOGDT008</logicalDatatype>
<ownDataTypeParameters>,,</ownDataTypeParameters>
</Attribute>
<Attribute name="class_cost" id="B47D0EC4-2080-5341-5855-C316E59D1BCD">
<createdBy>ajuu0001</createdBy>
<createdTime>2021-09-16 22:59:22 UTC</createdTime>
<commentInRDBMS><![CDATA[the cost of the class]]></commentInRDBMS>
<ownerDesignName>mm_oraclemodel</ownerDesignName>
<engineerTo>
<item key="EA85346F-F8B4-23EC-7A37-F149F6590BC7" value="true"/>
</engineerTo>
<useDomainConstraints>false</useDomainConstraints>
<use>1</use>
<logicalDatatype>LOGDT025</logicalDatatype>
<dataTypeSize>5</dataTypeSize>
<ownDataTypeParameters>5,,</ownDataTypeParameters>
</Attribute>
<Attribute name="class_maxno" id="95070354-3D28-5380-F8A4-7FEB5E7513CD">
<createdBy>ajuu0001</createdBy>
<createdTime>2021-09-16 23:00:55 UTC</createdTime>
<commentInRDBMS><![CDATA[the maximum number of the people attend this class]]></commentInRDBMS>
<ownerDesignName>mm_oraclemodel</ownerDesignName>
<engineerTo>
<item key="EA85346F-F8B4-23EC-7A37-F149F6590BC7" value="true"/>
</engineerTo>
<nullsAllowed>true</nullsAllowed>
<useDomainConstraints>false</useDomainConstraints>
<use>1</use>
<logicalDatatype>LOGDT019</logicalDatatype>
<dataTypePrecision>3</dataTypePrecision>
<ownDataTypeParameters>,3,</ownDataTypeParameters>
</Attribute>
<Attribute name="class_sessno" id="EC888672-D70F-F6A8-3AA7-80A6DB0DE72A">
<createdBy>ajuu0001</createdBy>
<createdTime>2021-09-16 23:02:13 UTC</createdTime>
<commentInRDBMS><![CDATA[the session number of the class]]></commentInRDBMS>
<ownerDesignName>mm_oraclemodel</ownerDesignName>
<engineerTo>
<item key="EA85346F-F8B4-23EC-7A37-F149F6590BC7" value="true"/>
</engineerTo>
<useDomainConstraints>false</useDomainConstraints>
<use>1</use>
<logicalDatatype>LOGDT019</logicalDatatype>
<dataTypePrecision>3</dataTypePrecision>
<ownDataTypeParameters>,3,</ownDataTypeParameters>
</Attribute>
<Attribute name="class_desc" id="139CE689-E908-4161-F1D6-29820ECAAAAB">
<createdBy>ajuu0001</createdBy>
<createdTime>2021-09-16 23:02:48 UTC</createdTime>
<commentInRDBMS><![CDATA[Class decription]]></commentInRDBMS>
<ownerDesignName>mm_oraclemodel</ownerDesignName>
<engineerTo>
<item key="EA85346F-F8B4-23EC-7A37-F149F6590BC7" value="true"/>
</engineerTo>
<nullsAllowed>true</nullsAllowed>
<useDomainConstraints>false</useDomainConstraints>
<use>1</use>
<logicalDatatype>LOGDT024</logicalDatatype>
<dataTypeSize>70</dataTypeSize>
<ownDataTypeParameters>70,,</ownDataTypeParameters>
</Attribute>
<Attribute name="class_type" id="B902348F-97A8-F258-44F8-5BB4D54E33E8">
<createdBy>ajuu0001</createdBy>
<createdTime>2021-09-16 23:04:23 UTC</createdTime>
<commentInRDBMS><![CDATA[the type of the class]]></commentInRDBMS>
<ownerDesignName>mm_oraclemodel</ownerDesignName>
<engineerTo>
<item key="EA85346F-F8B4-23EC-7A37-F149F6590BC7" value="true"/>
</engineerTo>
<useDomainConstraints>false</useDomainConstraints>
<use>1</use>
<logicalDatatype>LOGDT024</logicalDatatype>
<dataTypeSize>50</dataTypeSize>
<ownDataTypeParameters>50,,</ownDataTypeParameters>
</Attribute>
<Attribute name="class_gender" id="B1A39727-A964-C207-5E94-69DA300CD337">
<createdBy>ajuu0001</createdBy>
<createdTime>2021-09-16 23:05:39 UTC</createdTime>
<commentInRDBMS><![CDATA[whether this class is gender specific 'M' for male 'F' for female 'M' for unrestricted]]></commentInRDBMS>
<ownerDesignName>mm_oraclemodel</ownerDesignName>
<engineerTo>
<item key="EA85346F-F8B4-23EC-7A37-F149F6590BC7" value="true"/>
</engineerTo>
<constraintName>chk_class_gender</constraintName>
<useDomainConstraints>false</useDomainConstraints>
<use>1</use>
<logicalDatatype>LOGDT025</logicalDatatype>
<dataTypeSize>5</dataTypeSize>
<listOfValues>
<valueDef value="F" description="Female"/>
<valueDef value="M" description="Male"/>
<valueDef value="N" description="Unrestriced"/>
</listOfValues>
<ownDataTypeParameters>5,,</ownDataTypeParameters>
</Attribute>
<Attribute name="class_mins" id="EFDC7767-3503-B049-F6A0-1A680EE54B02">
<createdBy>ajuu0001</createdBy>
<createdTime>2021-09-16 23:07:56 UTC</createdTime>
<commentInRDBMS><![CDATA[the duration of the class]]></commentInRDBMS>
<ownerDesignName>mm_oraclemodel</ownerDesignName>
<engineerTo>
<item key="EA85346F-F8B4-23EC-7A37-F149F6590BC7" value="true"/>
</engineerTo>
<useDomainConstraints>false</useDomainConstraints>
<use>1</use>
<logicalDatatype>LOGDT019</logicalDatatype>
<dataTypePrecision>4</dataTypePrecision>
<ownDataTypeParameters>,4,</ownDataTypeParameters>
</Attribute>
<Attribute name="facility_no" id="682161B0-29F6-08AF-6E7E-3F40925AFB2C">
<createdBy>ajuu0001</createdBy>
<createdTime>2021-09-17 00:26:46 UTC</createdTime>
<commentInRDBMS><![CDATA[facility room number]]></commentInRDBMS>
<generatorID>2242F128-9AA0-844F-3588-0187E4897841</generatorID>
<ownerDesignName>mm_oraclemodel</ownerDesignName>
<engineerTo>
<item key="EA85346F-F8B4-23EC-7A37-F149F6590BC7" value="true"/>
</engineerTo>
<referedAttribute>4855A625-FFD3-3ABA-8016-A968586575B1</referedAttribute>
<useDomainConstraints>false</useDomainConstraints>
<use>1</use>
<logicalDatatype>LOGDT019</logicalDatatype>
<dataTypePrecision>7</dataTypePrecision>
<ownDataTypeParameters>,,</ownDataTypeParameters>
</Attribute>
<Attribute name="center_id1" id="BBB725DB-F9C1-7764-C343-B9C77FE1EE56">
<createdBy>ajuu0001</createdBy>
<createdTime>2021-09-17 00:26:46 UTC</createdTime>
<commentInRDBMS><![CDATA[unique center id]]></commentInRDBMS>
<generatorID>2242F128-9AA0-844F-3588-0187E4897841</generatorID>
<ownerDesignName>mm_oraclemodel</ownerDesignName>
<engineerTo>
<item key="EA85346F-F8B4-23EC-7A37-F149F6590BC7" value="true"/>
</engineerTo>
<referedAttribute>9D5706DA-8555-EEBF-9F07-BB7C4F951CDB</referedAttribute>
<useDomainConstraints>false</useDomainConstraints>
<use>1</use>
<logicalDatatype>LOGDT019</logicalDatatype>
<dataTypePrecision>7</dataTypePrecision>
<ownDataTypeParameters>,,</ownDataTypeParameters>
</Attribute>
</attributes>
<identifiers itemClass="oracle.dbtools.crest.model.design.logical.CandidateKey">
<identifier id="4D595A38-7153-B5F5-20C5-575922EED0CE" name="CLASS PK">
<createdBy>ajuu0001</createdBy>
<createdTime>2021-09-16 22:56:57 UTC</createdTime>
<ownerDesignName>mm_oraclemodel</ownerDesignName>
<engineerTo>
<item key="EA85346F-F8B4-23EC-7A37-F149F6590BC7" value="true"/>
</engineerTo>
<pk>true</pk>
<usedAttributes>
<attributeRef>795E7C9F-5CEA-DCA4-0C80-E570256D9782</attributeRef>
<attributeRef>F1668E97-C226-8F0A-A98E-C9E8EB56605A</attributeRef>
</usedAttributes>
</identifier>
</identifiers>
</Entity>
