<?xml version = '1.0' encoding = 'UTF-8'?>
<Entity class="oracle.dbtools.crest.model.design.logical.Entity" directorySegmentName="seg_0" id="91219CE1-2855-A2C6-140F-D2F978CF9A04" name="PAYMENT">
<createdBy>ajuu0001</createdBy>
<createdTime>2021-09-16 23:47:42 UTC</createdTime>
<ownerDesignName>mm_oraclemodel</ownerDesignName>
<engineerTo>
<item key="EA85346F-F8B4-23EC-7A37-F149F6590BC7" value="true"/>
</engineerTo>
<adequatelyNormalized>NO</adequatelyNormalized>
<expectedVolumes>0</expectedVolumes>
<fwdEngineeringStrategyName>Single Table</fwdEngineeringStrategyName>
<growthPercent>0</growthPercent>
<growthType>Year</growthType>
<maxVolumes>9999999</maxVolumes>
<minVolumes>0</minVolumes>
<normalForm>Third</normalForm>
<attributes itemClass="oracle.dbtools.crest.model.design.logical.Attribute">
<Attribute name="member_id" id="6A50B84E-A194-545C-957C-B5517E0C5C99">
<createdBy>ajuu0001</createdBy>
<createdTime>2021-09-17 00:05:00 UTC</createdTime>
<commentInRDBMS><![CDATA[member id]]></commentInRDBMS>
<generatorID>D597F320-F699-BE48-B648-2C200520FEE2</generatorID>
<ownerDesignName>mm_oraclemodel</ownerDesignName>
<engineerTo>
<item key="EA85346F-F8B4-23EC-7A37-F149F6590BC7" value="true"/>
</engineerTo>
<referedAttribute>415EF037-D049-92CF-7518-73617BB34FCD</referedAttribute>
<useDomainConstraints>false</useDomainConstraints>
<use>1</use>
<logicalDatatype>LOGDT019</logicalDatatype>
<dataTypePrecision>7</dataTypePrecision>
<ownDataTypeParameters>,,</ownDataTypeParameters>
</Attribute>
<Attribute name="payment_date" id="15B151AD-6475-474F-E375-19B85BDE1C42">
<createdBy>ajuu0001</createdBy>
<createdTime>2021-09-16 23:49:21 UTC</createdTime>
<commentInRDBMS><![CDATA[the date member make the payment]]></commentInRDBMS>
<ownerDesignName>mm_oraclemodel</ownerDesignName>
<engineerTo>
<item key="EA85346F-F8B4-23EC-7A37-F149F6590BC7" value="true"/>
</engineerTo>
<useDomainConstraints>false</useDomainConstraints>
<use>1</use>
<logicalDatatype>LOGDT007</logicalDatatype>
<ownDataTypeParameters>,,</ownDataTypeParameters>
</Attribute>
<Attribute name="payment_no" id="18C2C3D4-592A-9A59-8E8A-F559F3575990">
<createdBy>ajuu0001</createdBy>
<createdTime>2021-09-17 00:34:39 UTC</createdTime>
<commentInRDBMS><![CDATA[payment number (surrogate key)]]></commentInRDBMS>
<ownerDesignName>mm_oraclemodel</ownerDesignName>
<engineerTo>
<item key="EA85346F-F8B4-23EC-7A37-F149F6590BC7" value="true"/>
</engineerTo>
<useDomainConstraints>false</useDomainConstraints>
<use>1</use>
<logicalDatatype>LOGDT019</logicalDatatype>
<dataTypePrecision>4</dataTypePrecision>
<ownDataTypeParameters>,4,</ownDataTypeParameters>
</Attribute>
</attributes>
<identifiers itemClass="oracle.dbtools.crest.model.design.logical.CandidateKey">
<identifier id="7EE413E7-B0C8-2A0C-559F-92CE17F950DF" name="PAYMENT PK">
<createdBy>ajuu0001</createdBy>
<createdTime>2021-09-16 23:48:06 UTC</createdTime>
<ownerDesignName>mm_oraclemodel</ownerDesignName>
<engineerTo>
<item key="EA85346F-F8B4-23EC-7A37-F149F6590BC7" value="true"/>
</engineerTo>
<pk>true</pk>
<newElementsIDs>D597F320-F699-BE48-B648-2C200520FEE2,18C2C3D4-592A-9A59-8E8A-F559F3575990</newElementsIDs>
<usedAttributes>
<attributeRef>18C2C3D4-592A-9A59-8E8A-F559F3575990</attributeRef>
</usedAttributes>
</identifier>
<identifier id="A29FDED0-4641-0FB0-C3C5-408F822763DA" name="PAYMENT NK">
<createdBy>ajuu0001</createdBy>
<createdTime>2021-09-17 00:41:00 UTC</createdTime>
<ownerDesignName>mm_oraclemodel</ownerDesignName>
<engineerTo>
<item key="EA85346F-F8B4-23EC-7A37-F149F6590BC7" value="true"/>
</engineerTo>
<newElementsIDs>D597F320-F699-BE48-B648-2C200520FEE2,15B151AD-6475-474F-E375-19B85BDE1C42,6A50B84E-A194-545C-957C-B5517E0C5C99</newElementsIDs>
<usedAttributes>
<attributeRef>6A50B84E-A194-545C-957C-B5517E0C5C99</attributeRef>
<attributeRef>15B151AD-6475-474F-E375-19B85BDE1C42</attributeRef>
<attributeRef>6A50B84E-A194-545C-957C-B5517E0C5C99</attributeRef>
</usedAttributes>
</identifier>
</identifiers>
</Entity>
