<?xml version = '1.0' encoding = 'UTF-8'?>
<Relation class="oracle.dbtools.crest.model.design.logical.Relation" name="CLASS_STAFF_CLASS" directorySegmentName="seg_0" id="0DCD269F-1E16-CED5-D5FF-3FC413159E2A">
<createdBy>ajuu0001</createdBy>
<createdTime>2021-09-17 00:45:31 UTC</createdTime>
<ownerDesignName>mm_oraclemodel</ownerDesignName>
<engineerTo>
<item key="EA85346F-F8B4-23EC-7A37-F149F6590BC7" value="true"/>
</engineerTo>
<sourcePk>2C91040E-B97B-1759-7223-7C28CFDFD914</sourcePk>
<targetPk>4D595A38-7153-B5F5-20C5-575922EED0CE</targetPk>
<identifying>false</identifying>
<nameOnSource>manage</nameOnSource>
<nameOnTarget> </nameOnTarget>
<optionalSource>false</optionalSource>
<optionalTarget>false</optionalTarget>
<sourceCardinality>*</sourceCardinality>
<sourceEntity>29B9763E-2290-9DBA-44C0-F01972CF569E</sourceEntity>
<targetCardinalityString>1</targetCardinalityString>
<targetEntity>541211D0-172A-C06D-8EA0-573B01F2A396</targetEntity>
<transferable>true</transferable>
</Relation>
