<?xml version = '1.0' encoding = 'UTF-8'?>
<Relation class="oracle.dbtools.crest.model.design.logical.Relation" name="FACILITY" directorySegmentName="seg_0" id="2242F128-9AA0-844F-3588-0187E4897841">
<createdBy>ajuu0001</createdBy>
<createdTime>2021-09-17 00:26:46 UTC</createdTime>
<ownerDesignName>mm_oraclemodel</ownerDesignName>
<engineerTo>
<item key="EA85346F-F8B4-23EC-7A37-F149F6590BC7" value="true"/>
</engineerTo>
<sourcePk>7BC83E9A-6B9A-B810-F2DF-A126C5F697F7</sourcePk>
<identifying>false</identifying>
<nameOnSource>held</nameOnSource>
<nameOnTarget> </nameOnTarget>
<optionalSource>true</optionalSource>
<optionalTarget>false</optionalTarget>
<sourceCardinality>1</sourceCardinality>
<sourceEntity>F72A8B50-E5ED-015B-C6E8-AB1DEC8F7066</sourceEntity>
<targetCardinalityString>*</targetCardinalityString>
<targetEntity>541211D0-172A-C06D-8EA0-573B01F2A396</targetEntity>
<transferable>true</transferable>
</Relation>
