<?xml version = '1.0' encoding = 'UTF-8'?>
<Relation class="oracle.dbtools.crest.model.design.logical.Relation" name="CENTER_FACILITY" directorySegmentName="seg_0" id="6D2D89FC-BC38-CABC-1FB7-48032F3D8AC4">
<createdBy>ajuu0001</createdBy>
<createdTime>2021-09-17 00:17:48 UTC</createdTime>
<ownerDesignName>mm_oraclemodel</ownerDesignName>
<engineerTo>
<item key="EA85346F-F8B4-23EC-7A37-F149F6590BC7" value="true"/>
</engineerTo>
<sourcePk>727D73A6-C001-85AA-F7CC-EBE49BBE1792</sourcePk>
<identifying>true</identifying>
<nameOnSource>have</nameOnSource>
<nameOnTarget> </nameOnTarget>
<optionalSource>false</optionalSource>
<optionalTarget>false</optionalTarget>
<sourceCardinality>1</sourceCardinality>
<sourceEntity>07B7F76E-452F-DD06-6099-FFE10B1BDCA0</sourceEntity>
<targetCardinalityString>*</targetCardinalityString>
<targetEntity>F72A8B50-E5ED-015B-C6E8-AB1DEC8F7066</targetEntity>
<transferable>true</transferable>
</Relation>
