<?xml version = '1.0' encoding = 'UTF-8'?>
<Relation class="oracle.dbtools.crest.model.design.logical.Relation" name="STAFF_CLASS_STAFF" directorySegmentName="seg_0" id="7B2C537B-4A20-EEE6-F140-43A780B8FF88">
<createdBy>ajuu0001</createdBy>
<createdTime>2021-09-17 00:44:27 UTC</createdTime>
<ownerDesignName>mm_oraclemodel</ownerDesignName>
<engineerTo>
<item key="EA85346F-F8B4-23EC-7A37-F149F6590BC7" value="true"/>
</engineerTo>
<sourcePk>11C0DA89-74C4-5E8D-B412-3AEA33AB1221</sourcePk>
<identifying>false</identifying>
<nameOnSource>assign</nameOnSource>
<nameOnTarget> </nameOnTarget>
<optionalSource>true</optionalSource>
<optionalTarget>false</optionalTarget>
<sourceCardinality>1</sourceCardinality>
<sourceEntity>B344A7D9-5FB8-CDD1-E4C1-D2ACEFE134D6</sourceEntity>
<targetCardinalityString>*</targetCardinalityString>
<targetEntity>29B9763E-2290-9DBA-44C0-F01972CF569E</targetEntity>
<transferable>true</transferable>
</Relation>
