<?xml version = '1.0' encoding = 'UTF-8'?>
<Relation class="oracle.dbtools.crest.model.design.logical.Relation" name="MEMBER_CENTER" directorySegmentName="seg_0" id="9373BF99-A37F-624D-0628-017E1D8400CA">
<createdBy>ajuu0001</createdBy>
<createdTime>2021-09-17 00:30:46 UTC</createdTime>
<ownerDesignName>mm_oraclemodel</ownerDesignName>
<engineerTo>
<item key="EA85346F-F8B4-23EC-7A37-F149F6590BC7" value="true"/>
</engineerTo>
<sourcePk>AE9A0EED-8727-4457-8227-7AE7E1848921</sourcePk>
<targetPk>727D73A6-C001-85AA-F7CC-EBE49BBE1792</targetPk>
<identifying>false</identifying>
<nameOnSource>join</nameOnSource>
<nameOnTarget>  </nameOnTarget>
<optionalSource>false</optionalSource>
<optionalTarget>true</optionalTarget>
<sourceCardinality>*</sourceCardinality>
<sourceEntity>56BE2643-6DA9-DFF1-3FA7-C6F086BC6FA0</sourceEntity>
<targetCardinalityString>1</targetCardinalityString>
<targetEntity>07B7F76E-452F-DD06-6099-FFE10B1BDCA0</targetEntity>
<transferable>true</transferable>
</Relation>
