<?xml version = '1.0' encoding = 'UTF-8'?>
<Relation class="oracle.dbtools.crest.model.design.logical.Relation" name="CENTER_CLASS" directorySegmentName="seg_0" id="D052F4EE-F71B-BE63-911F-84003314C5D2">
<createdBy>ajuu0001</createdBy>
<createdTime>2021-09-17 00:22:20 UTC</createdTime>
<ownerDesignName>mm_oraclemodel</ownerDesignName>
<engineerTo>
<item key="EA85346F-F8B4-23EC-7A37-F149F6590BC7" value="true"/>
</engineerTo>
<sourcePk>727D73A6-C001-85AA-F7CC-EBE49BBE1792</sourcePk>
<identifying>true</identifying>
<nameOnSource>runs</nameOnSource>
<nameOnTarget> </nameOnTarget>
<optionalSource>false</optionalSource>
<optionalTarget>false</optionalTarget>
<sourceCardinality>1</sourceCardinality>
<sourceEntity>07B7F76E-452F-DD06-6099-FFE10B1BDCA0</sourceEntity>
<targetCardinalityString>*</targetCardinalityString>
<targetEntity>541211D0-172A-C06D-8EA0-573B01F2A396</targetEntity>
<transferable>true</transferable>
</Relation>
