<?xml version = '1.0' encoding = 'UTF-8'?>
<relationalModel class="oracle.dbtools.crest.model.design.relational.RelationalDesign" name="Relational_1" id="EA85346F-F8B4-23EC-7A37-F149F6590BC7" mainViewID="F39E16EE-C584-9F77-9E64-E0065B1CD58F">
<createdBy>ajuu0001</createdBy>
<createdTime>2021-09-16 22:40:22 UTC</createdTime>
<ownerDesignName>mm_oraclemodel</ownerDesignName>
<shouldBeOpen>false</shouldBeOpen>
<selectedRDBMSSite>3FD120B5-9F4E-6278-D5E2-746D192C8319</selectedRDBMSSite>
</relationalModel>