<?xml version = '1.0' encoding = 'UTF-8'?>
<FKIndexAssociation class="oracle.dbtools.crest.model.design.relational.FKIndexAssociation" directorySegmentName="seg_0" id="2F7A1606-054B-79AF-FEEE-0E1D36C984E0" containerWithKeyObject="F4B5ABE1-3376-687D-CB20-6A006E610C21" localFKIndex="F99ACE73-56A9-6830-3F74-2F61A35DC1BA" name="STAFF_CENTER">
<createdBy>ajuu0001</createdBy>
<createdTime>2021-09-17 01:01:50 UTC</createdTime>
<generatorID>8691B04F-87F1-44F5-CDE7-C6BF07611343</generatorID>
<ownerDesignName>mm_oraclemodel</ownerDesignName>
<referredTableLongName>CENTER</referredTableLongName>
<deleteRule>NO ACTION</deleteRule>
<referredTableID>96725DAF-22DD-D661-1A04-510E1781E2D2</referredTableID>
<keyObject>1EA54E11-FE5B-C790-D1BE-8E0F120CE91C</keyObject>
<referredKeyID>1EA54E11-FE5B-C790-D1BE-8E0F120CE91C</referredKeyID>
<mandatory>true</mandatory>
<refColNames>center_id</refColNames>
<transferable>true</transferable>
<rely>false</rely>
<columnDependencyConstraintGenerateInDDL>true</columnDependencyConstraintGenerateInDDL>
</FKIndexAssociation>
