<?xml version = '1.0' encoding = 'UTF-8'?>
<FKIndexAssociation class="oracle.dbtools.crest.model.design.relational.FKIndexAssociation" directorySegmentName="seg_0" id="33C56E51-FEC5-65EC-C022-A0340848A8F2" containerWithKeyObject="45EAA025-FC6E-7C17-34CC-B2FA3AD2C396" localFKIndex="6EAA3141-EC62-46E9-9528-1573A1964191" name="MEMBER_ATTENDANCE_SEESION">
<createdBy>ajuu0001</createdBy>
<createdTime>2021-09-17 01:01:50 UTC</createdTime>
<generatorID>EE6A4011-575E-DCC2-5E3E-0744C77C0640</generatorID>
<ownerDesignName>mm_oraclemodel</ownerDesignName>
<referredTableLongName>MEMBER_ATTENDANCE</referredTableLongName>
<deleteRule>NO ACTION</deleteRule>
<referredTableID>A46F5B8D-C4B7-08A0-3707-AE663E391506</referredTableID>
<keyObject>8DAEC0C6-0CA0-E9BE-D547-0F321D31F985</keyObject>
<referredKeyID>8DAEC0C6-0CA0-E9BE-D547-0F321D31F985</referredKeyID>
<mandatory>true</mandatory>
<refColNames>memberatd_no</refColNames>
<transferable>true</transferable>
<rely>false</rely>
<columnDependencyConstraintGenerateInDDL>true</columnDependencyConstraintGenerateInDDL>
</FKIndexAssociation>
