<?xml version = '1.0' encoding = 'UTF-8'?>
<FKIndexAssociation class="oracle.dbtools.crest.model.design.relational.FKIndexAssociation" directorySegmentName="seg_0" id="35381921-2BFB-C7B2-48D7-52609D0CCBFF" containerWithKeyObject="2D88F9C4-16EB-B2A9-9CF3-22832B58F48F" localFKIndex="433A8900-2FDA-FEA0-2C01-3AF6ABB9CED1" name="MEMBER_MEMBER">
<createdBy>ajuu0001</createdBy>
<createdTime>2021-09-17 01:01:50 UTC</createdTime>
<generatorID>E13BE940-59EE-1D9E-2A63-8A2D435A166D</generatorID>
<ownerDesignName>mm_oraclemodel</ownerDesignName>
<referredTableLongName>MEMBER</referredTableLongName>
<deleteRule>NO ACTION</deleteRule>
<referredTableID>2D88F9C4-16EB-B2A9-9CF3-22832B58F48F</referredTableID>
<keyObject>05139800-EA1D-4607-0732-CBEF9C0286C5</keyObject>
<referredKeyID>05139800-EA1D-4607-0732-CBEF9C0286C5</referredKeyID>
<mandatory>false</mandatory>
<refColNames>member_id</refColNames>
<transferable>true</transferable>
<rely>false</rely>
<columnDependencyConstraintGenerateInDDL>true</columnDependencyConstraintGenerateInDDL>
</FKIndexAssociation>
