<?xml version = '1.0' encoding = 'UTF-8'?>
<FKIndexAssociation class="oracle.dbtools.crest.model.design.relational.FKIndexAssociation" directorySegmentName="seg_0" id="386CD166-35EA-4C73-3238-9825C0C5D381" containerWithKeyObject="182B8A54-2DD0-0ADD-5FEF-4201285A2C08" localFKIndex="36FA83BB-C9C2-695C-A0D4-C3B3AE0293F8" name="CENTER_FACILITY">
<createdBy>ajuu0001</createdBy>
<createdTime>2021-09-17 01:01:50 UTC</createdTime>
<generatorID>6D2D89FC-BC38-CABC-1FB7-48032F3D8AC4</generatorID>
<ownerDesignName>mm_oraclemodel</ownerDesignName>
<referredTableLongName>CENTER</referredTableLongName>
<deleteRule>NO ACTION</deleteRule>
<referredTableID>96725DAF-22DD-D661-1A04-510E1781E2D2</referredTableID>
<keyObject>1EA54E11-FE5B-C790-D1BE-8E0F120CE91C</keyObject>
<referredKeyID>1EA54E11-FE5B-C790-D1BE-8E0F120CE91C</referredKeyID>
<mandatory>true</mandatory>
<refColNames>center_id</refColNames>
<transferable>true</transferable>
<rely>false</rely>
<columnDependencyConstraintGenerateInDDL>true</columnDependencyConstraintGenerateInDDL>
</FKIndexAssociation>
