<?xml version = '1.0' encoding = 'UTF-8'?>
<FKIndexAssociation class="oracle.dbtools.crest.model.design.relational.FKIndexAssociation" directorySegmentName="seg_0" id="69B31400-1BA8-E479-829C-8CF4C564D532" containerWithKeyObject="2D88F9C4-16EB-B2A9-9CF3-22832B58F48F" localFKIndex="9B6A02B6-46B1-7300-C978-764006A22553" name="MEMBER_CENTER">
<createdBy>ajuu0001</createdBy>
<createdTime>2021-09-17 01:01:50 UTC</createdTime>
<generatorID>9373BF99-A37F-624D-0628-017E1D8400CA</generatorID>
<ownerDesignName>mm_oraclemodel</ownerDesignName>
<referredTableLongName>CENTER</referredTableLongName>
<deleteRule>NO ACTION</deleteRule>
<referredTableID>96725DAF-22DD-D661-1A04-510E1781E2D2</referredTableID>
<keyObject>1EA54E11-FE5B-C790-D1BE-8E0F120CE91C</keyObject>
<referredKeyID>1EA54E11-FE5B-C790-D1BE-8E0F120CE91C</referredKeyID>
<mandatory>true</mandatory>
<refColNames>center_id</refColNames>
<transferable>true</transferable>
<rely>false</rely>
<columnDependencyConstraintGenerateInDDL>true</columnDependencyConstraintGenerateInDDL>
</FKIndexAssociation>
