<?xml version = '1.0' encoding = 'UTF-8'?>
<FKIndexAssociation class="oracle.dbtools.crest.model.design.relational.FKIndexAssociation" directorySegmentName="seg_0" id="EE1E7535-1C4A-D5C1-F316-759DA2B7C24B" containerWithKeyObject="CEC3AD11-3563-F2C5-9E7E-871470BC7E69" localFKIndex="B5BED752-DAF0-CD71-CB3A-3E8BA3403F60" name="STAFF_CLASS_STAFF_FK">
<createdBy>ajuu0001</createdBy>
<createdTime>2021-09-17 01:01:50 UTC</createdTime>
<generatorID>285F62B3-9605-E10C-0C82-A6E98C0FEECF</generatorID>
<ownerDesignName>mm_oraclemodel</ownerDesignName>
<referredTableLongName>STAFF</referredTableLongName>
<deleteRule>RESTRICT</deleteRule>
<referredTableID>F4B5ABE1-3376-687D-CB20-6A006E610C21</referredTableID>
<keyObject>72CC21B7-031E-54E5-E8A8-4EFE8EFD48D4</keyObject>
<referredKeyID>72CC21B7-031E-54E5-E8A8-4EFE8EFD48D4</referredKeyID>
<mandatory>true</mandatory>
<refColNames>staff_id</refColNames>
<transferable>true</transferable>
<rely>false</rely>
<columnDependencyConstraintGenerateInDDL>true</columnDependencyConstraintGenerateInDDL>
</FKIndexAssociation>
