<?xml version = '1.0' encoding = 'UTF-8'?>
<Diagram class="oracle.dbtools.crest.swingui.relational.DPVRelational" name="Relational_1" id="F39E16EE-C584-9F77-9E64-E0065B1CD58F">
<createdBy>ajuu0001</createdBy>
<modifiedBy>ajuu0001</modifiedBy>
<createdTime>2021-09-16 23:23:38 UTC</createdTime>
<autoRoute>false</autoRoute>
<boxInbox>true</boxInbox>
<showLegend>false</showLegend>
<showLabels>false</showLabels>
<showRelAttributes>false</showRelAttributes>
<gridEnabled>false</gridEnabled>
<showGrid>false</showGrid>
<diagramColor>-1</diagramColor>
<display>false</display>
<notation>1</notation>
<objectViews>
<OView class="oracle.dbtools.crest.swingui.relational.TVTable" oid="0AECB8F5-A47E-F9D2-5BA1-D50E1A74063D" otype="Table" vid="801D1053-C6EC-3621-B936-1B7849A679DA">
<hideElementsInCurrentOnly>false</hideElementsInCurrentOnly>
<bounds x="570" y="172" width="99" height="99"/>
</OView>
<OView class="oracle.dbtools.crest.swingui.relational.TVTable" oid="182B8A54-2DD0-0ADD-5FEF-4201285A2C08" otype="Table" vid="C75430D1-B910-5EA1-B08F-A8F8E04CF38F">
<hideElementsInCurrentOnly>false</hideElementsInCurrentOnly>
<bounds x="697" y="375" width="126" height="126"/>
</OView>
<OView class="oracle.dbtools.crest.swingui.relational.TVTable" oid="2BB8B3E2-1556-4D0E-9F59-BC635272CAA0" otype="Table" vid="5D403261-E424-DF71-D638-08D226FDA334">
<hideElementsInCurrentOnly>false</hideElementsInCurrentOnly>
<bounds x="10" y="303" width="110" height="150"/>
</OView>
<OView class="oracle.dbtools.crest.swingui.relational.TVTable" oid="2D88F9C4-16EB-B2A9-9CF3-22832B58F48F" otype="Table" vid="4D157B87-C1DD-E70A-79A5-2CDC05B648BF">
<hideElementsInCurrentOnly>false</hideElementsInCurrentOnly>
<bounds x="337" y="572" width="103" height="132"/>
</OView>
<OView class="oracle.dbtools.crest.swingui.relational.TVTable" oid="45EAA025-FC6E-7C17-34CC-B2FA3AD2C396" otype="Table" vid="ED12754B-1DE8-291B-E20E-E14862C3F399">
<hideElementsInCurrentOnly>false</hideElementsInCurrentOnly>
<bounds x="727" y="593" width="123" height="98"/>
</OView>
<OView class="oracle.dbtools.crest.swingui.relational.TVTable" oid="5916F224-6C5F-B5DF-7554-901EE461D6C2" otype="Table" vid="C9A516FE-9802-3EFB-68E0-D4B153BAFFB3">
<hideElementsInCurrentOnly>false</hideElementsInCurrentOnly>
<bounds x="353" y="268" width="122" height="204"/>
</OView>
<OView class="oracle.dbtools.crest.swingui.relational.TVTable" oid="96725DAF-22DD-D661-1A04-510E1781E2D2" otype="Table" vid="E33FE070-3855-433B-612C-ACCC5F3F022C">
<hideElementsInCurrentOnly>false</hideElementsInCurrentOnly>
<bounds x="736" y="92" width="112" height="119"/>
</OView>
<OView class="oracle.dbtools.crest.swingui.relational.TVTable" oid="A46F5B8D-C4B7-08A0-3707-AE663E391506" otype="Table" vid="A9AD7D18-2D78-6F53-19B5-EF12C61B9E60">
<hideElementsInCurrentOnly>false</hideElementsInCurrentOnly>
<bounds x="527" y="509" width="139" height="131"/>
</OView>
<OView class="oracle.dbtools.crest.swingui.relational.TVTable" oid="CEC3AD11-3563-F2C5-9E7E-871470BC7E69" otype="Table" vid="C197E126-8A17-E38E-DC95-0FE26CB1AC6B">
<hideElementsInCurrentOnly>false</hideElementsInCurrentOnly>
<bounds x="270" y="490" width="170" height="110"/>
</OView>
<OView class="oracle.dbtools.crest.swingui.relational.TVTable" oid="DD18BD0E-2D15-6716-EF2C-C0F8417A4277" otype="Table" vid="CE7147BF-CEC4-3D97-B994-8371D22F9A18">
<hideElementsInCurrentOnly>false</hideElementsInCurrentOnly>
<bounds x="192" y="401" width="142" height="98"/>
</OView>
<OView class="oracle.dbtools.crest.swingui.relational.TVTable" oid="F4B5ABE1-3376-687D-CB20-6A006E610C21" otype="Table" vid="940DCE0C-55C8-0133-D144-C97FAD83A73B">
<hideElementsInCurrentOnly>false</hideElementsInCurrentOnly>
<bounds x="263" y="58" width="126" height="142"/>
</OView>
</objectViews>
<connectors>
<Connector class="oracle.dbtools.crest.swingui.relational.TVFKRelation" oid="07762016-C1A0-DDB7-20F5-2828928BF64C" otype="FKIndexAssociation" vid_source="4D157B87-C1DD-E70A-79A5-2CDC05B648BF" vid_target="5D403261-E424-DF71-D638-08D226FDA334">
<hideElementsInCurrentOnly>false</hideElementsInCurrentOnly>
<backgroundColor>-16777216</backgroundColor>
<lineWidth>1</lineWidth>
<points>
<point x="337" y="596"/>
<point x="120" y="422"/>
</points>
</Connector>
<Connector class="oracle.dbtools.crest.swingui.relational.TVFKRelation" oid="0D203C4C-5741-FA1F-EB62-3F05AC6DE234" otype="FKIndexAssociation" vid_source="940DCE0C-55C8-0133-D144-C97FAD83A73B" vid_target="801D1053-C6EC-3621-B936-1B7849A679DA">
<hideElementsInCurrentOnly>false</hideElementsInCurrentOnly>
<backgroundColor>-16777216</backgroundColor>
<lineWidth>1</lineWidth>
<points>
<point x="389" y="186"/>
<point x="570" y="186"/>
</points>
</Connector>
<Connector class="oracle.dbtools.crest.swingui.relational.TVFKRelation" oid="2F7A1606-054B-79AF-FEEE-0E1D36C984E0" otype="FKIndexAssociation" vid_source="E33FE070-3855-433B-612C-ACCC5F3F022C" vid_target="940DCE0C-55C8-0133-D144-C97FAD83A73B">
<hideElementsInCurrentOnly>false</hideElementsInCurrentOnly>
<backgroundColor>-16777216</backgroundColor>
<lineWidth>1</lineWidth>
<points>
<point x="736" y="146"/>
<point x="389" y="146"/>
</points>
</Connector>
<Connector class="oracle.dbtools.crest.swingui.relational.TVFKRelation" oid="33C56E51-FEC5-65EC-C022-A0340848A8F2" otype="FKIndexAssociation" vid_source="A9AD7D18-2D78-6F53-19B5-EF12C61B9E60" vid_target="ED12754B-1DE8-291B-E20E-E14862C3F399">
<hideElementsInCurrentOnly>false</hideElementsInCurrentOnly>
<backgroundColor>-16777216</backgroundColor>
<lineWidth>1</lineWidth>
<points>
<point x="666" y="606"/>
<point x="727" y="631"/>
</points>
</Connector>
<Connector class="oracle.dbtools.crest.swingui.relational.TVFKRelation" oid="35381921-2BFB-C7B2-48D7-52609D0CCBFF" otype="FKIndexAssociation" vid_source="4D157B87-C1DD-E70A-79A5-2CDC05B648BF" vid_target="4D157B87-C1DD-E70A-79A5-2CDC05B648BF">
<hideElementsInCurrentOnly>false</hideElementsInCurrentOnly>
<backgroundColor>-16777216</backgroundColor>
<lineWidth>1</lineWidth>
<points>
<point x="440" y="649"/>
<point x="465" y="649"/>
<point x="465" y="729"/>
<point x="397" y="729"/>
<point x="397" y="704"/>
</points>
</Connector>
<Connector class="oracle.dbtools.crest.swingui.relational.TVFKRelation" oid="386CD166-35EA-4C73-3238-9825C0C5D381" otype="FKIndexAssociation" vid_source="E33FE070-3855-433B-612C-ACCC5F3F022C" vid_target="C75430D1-B910-5EA1-B08F-A8F8E04CF38F">
<hideElementsInCurrentOnly>false</hideElementsInCurrentOnly>
<backgroundColor>-16777216</backgroundColor>
<lineWidth>1</lineWidth>
<points>
<point x="779" y="211"/>
<point x="779" y="375"/>
</points>
</Connector>
<Connector class="oracle.dbtools.crest.swingui.relational.TVFKRelation" oid="3F8B621D-3924-6637-0E93-A750A7D00275" otype="FKIndexAssociation" vid_source="C9A516FE-9802-3EFB-68E0-D4B153BAFFB3" vid_target="801D1053-C6EC-3621-B936-1B7849A679DA">
<hideElementsInCurrentOnly>false</hideElementsInCurrentOnly>
<backgroundColor>-16777216</backgroundColor>
<lineWidth>1</lineWidth>
<points>
<point x="475" y="269"/>
<point x="570" y="269"/>
</points>
</Connector>
<Connector class="oracle.dbtools.crest.swingui.relational.TVFKRelation" oid="69B31400-1BA8-E479-829C-8CF4C564D532" otype="FKIndexAssociation" vid_source="E33FE070-3855-433B-612C-ACCC5F3F022C" vid_target="4D157B87-C1DD-E70A-79A5-2CDC05B648BF">
<hideElementsInCurrentOnly>false</hideElementsInCurrentOnly>
<backgroundColor>-16777216</backgroundColor>
<lineWidth>1</lineWidth>
<points>
<point x="736" y="211"/>
<point x="440" y="572"/>
</points>
</Connector>
<Connector class="oracle.dbtools.crest.swingui.relational.TVFKRelation" oid="78A81203-4CC7-35A4-5A87-8ACBDC557A18" otype="FKIndexAssociation" vid_source="C9A516FE-9802-3EFB-68E0-D4B153BAFFB3" vid_target="C197E126-8A17-E38E-DC95-0FE26CB1AC6B">
<hideElementsInCurrentOnly>false</hideElementsInCurrentOnly>
<backgroundColor>-16777216</backgroundColor>
<lineWidth>1</lineWidth>
<points>
<point x="396" y="472"/>
<point x="396" y="490"/>
</points>
</Connector>
<Connector class="oracle.dbtools.crest.swingui.relational.TVFKRelation" oid="81AA1379-8E65-6A01-B392-17C264F2F117" otype="FKIndexAssociation" vid_source="E33FE070-3855-433B-612C-ACCC5F3F022C" vid_target="C9A516FE-9802-3EFB-68E0-D4B153BAFFB3">
<hideElementsInCurrentOnly>false</hideElementsInCurrentOnly>
<backgroundColor>-16777216</backgroundColor>
<lineWidth>1</lineWidth>
<points>
<point x="736" y="183"/>
<point x="475" y="379"/>
</points>
</Connector>
<Connector class="oracle.dbtools.crest.swingui.relational.TVFKRelation" oid="A2B582DF-E56A-2689-7E77-CB11C5A033E1" otype="FKIndexAssociation" vid_source="C9A516FE-9802-3EFB-68E0-D4B153BAFFB3" vid_target="A9AD7D18-2D78-6F53-19B5-EF12C61B9E60">
<hideElementsInCurrentOnly>false</hideElementsInCurrentOnly>
<backgroundColor>-16777216</backgroundColor>
<lineWidth>1</lineWidth>
<points>
<point x="475" y="472"/>
<point x="527" y="509"/>
</points>
</Connector>
<Connector class="oracle.dbtools.crest.swingui.relational.TVFKRelation" oid="A4B2B488-DE6C-9AE0-265D-7E826E2025C0" otype="FKIndexAssociation" vid_source="4D157B87-C1DD-E70A-79A5-2CDC05B648BF" vid_target="A9AD7D18-2D78-6F53-19B5-EF12C61B9E60">
<hideElementsInCurrentOnly>false</hideElementsInCurrentOnly>
<backgroundColor>-16777216</backgroundColor>
<lineWidth>1</lineWidth>
<points>
<point x="440" y="612"/>
<point x="527" y="606"/>
</points>
</Connector>
<Connector class="oracle.dbtools.crest.swingui.relational.TVFKRelation" oid="B6BBA44E-BD57-4BB4-F210-3A286C0B118D" otype="FKIndexAssociation" vid_source="4D157B87-C1DD-E70A-79A5-2CDC05B648BF" vid_target="CE7147BF-CEC4-3D97-B994-8371D22F9A18">
<hideElementsInCurrentOnly>false</hideElementsInCurrentOnly>
<backgroundColor>-16777216</backgroundColor>
<lineWidth>1</lineWidth>
<points>
<point x="344" y="572"/>
<point x="295" y="499"/>
</points>
</Connector>
<Connector class="oracle.dbtools.crest.swingui.relational.TVFKRelation" oid="D309FA8C-5BA1-A2CE-F5EB-12303DFF7A93" otype="FKIndexAssociation" vid_source="C75430D1-B910-5EA1-B08F-A8F8E04CF38F" vid_target="C9A516FE-9802-3EFB-68E0-D4B153BAFFB3">
<hideElementsInCurrentOnly>false</hideElementsInCurrentOnly>
<backgroundColor>-16777216</backgroundColor>
<lineWidth>1</lineWidth>
<points>
<point x="697" y="423"/>
<point x="475" y="423"/>
</points>
</Connector>
<Connector class="oracle.dbtools.crest.swingui.relational.TVFKRelation" oid="EE1E7535-1C4A-D5C1-F316-759DA2B7C24B" otype="FKIndexAssociation" vid_source="940DCE0C-55C8-0133-D144-C97FAD83A73B" vid_target="C197E126-8A17-E38E-DC95-0FE26CB1AC6B">
<hideElementsInCurrentOnly>false</hideElementsInCurrentOnly>
<backgroundColor>-16777216</backgroundColor>
<lineWidth>1</lineWidth>
<points>
<point x="329" y="200"/>
<point x="329" y="490"/>
</points>
</Connector>
</connectors>
</Diagram>
